"MCST No","Development Name","Lead name","LinkedIn search outcome","Role","Organisation","Relationship","Published business email","Published business phone","LinkedIn URL","Contact scope","Evidence summary","Evidence period","Limitations","Connection source","Role source","Contact source","Lead count","Alternative lead names","Any published referral email","Sub MCST No","UEN","Development Location","Registered address","Latest BCA managing agent","Baseline contact status","Review notes","Search query 1","Search query 2","Checked on","Additional issue source"
"0005","BENG TONG MANSION","","No suitable lead found","","","","","","","","","","","","","","0","","No published email found","NA","S68MC0005H","253B TANJONG KATONG ROAD 437041","253B TANJONG KATONG ROAD 437041","MCST","No usable phone or email found","No relevant professional relationship established from the property/MCST LinkedIn searches. This does not prove no contact exists.","site:linkedin.com/in ""Beng Tong Mansion"" Singapore (manager OR management OR facilities OR ""quantity surveyor"" OR director)","site:linkedin.com ""Beng Tong Mansion"" Singapore","2026-10-03",""
"0006","BENG TONG MANSION","","No suitable lead found","","","","","","","","","","","","","","0","","No published email found","NA","S68MC0006D","245B TANJONG KATONG ROAD 437033","245 TANJONG KATONG ROAD 437033","MCST","No usable phone or email found","No relevant professional relationship established from the property/MCST LinkedIn searches. This does not prove no contact exists.","site:linkedin.com/in ""Beng Tong Mansion"" Singapore (manager OR management OR facilities OR ""quantity surveyor"" OR director)","site:linkedin.com ""Beng Tong Mansion"" Singapore","2026-10-03",""
"0031","MANAGEMENT CORPORATION STRATA TITLE PLAN NO. 0031","","No suitable lead found","","","","","","","","","","","","","","0","","No published email found","NA","S69MC0031L","20B FLANDERS SQUARE 208305","40L HERTFORD ROAD 219392","NIL","No usable phone or email found","No relevant professional relationship established from the property/MCST LinkedIn searches. This does not prove no contact exists.","site:linkedin.com/in ""20B FLANDERS SQUARE"" Singapore (manager OR management OR facilities OR ""quantity surveyor"" OR director)","site:linkedin.com ""20B FLANDERS SQUARE"" Singapore","2026-10-03",""
"0037","NA","","No suitable lead found","","","","","","","","","","","","","","0","","No published email found","NA","S69MC0037J","8B FLANDERS SQUARE 209298","142 BEDOK RESERVOIR ROAD 08-1541 470142","MCST","No usable phone or email found","No relevant professional relationship established from the property/MCST LinkedIn searches. This does not prove no contact exists.","site:linkedin.com/in ""8B FLANDERS SQUARE"" Singapore (manager OR management OR facilities OR ""quantity surveyor"" OR director)","site:linkedin.com ""8B FLANDERS SQUARE"" Singapore","2026-10-03",""
"0039","MANAGEMENT CORPORATION STRATA TITLE PLAN NO. 0039","","No suitable lead found","","","","","","","","","","","","","","0","","No published email found","NA","S69MC0039A","4 FLANDERS SQUARE 209296","4 FLANDERS SQUARE 209296","NIL","No usable phone or email found","No relevant professional relationship established from the property/MCST LinkedIn searches. This does not prove no contact exists.","site:linkedin.com/in ""4 FLANDERS SQUARE"" Singapore (manager OR management OR facilities OR ""quantity surveyor"" OR director)","site:linkedin.com ""4 FLANDERS SQUARE"" Singapore","2026-10-03",""
"0040","MANAGEMENT CORPORATION STRATA TITLE PLAN NO. 0040","","No suitable lead found","","","","","","","","","","","","","","0","","No published email found","NA","S69MC0040J","2 FLANDERS SQUARE 209295","2 FLANDERS SQUARE 209295","NIL","No usable phone or email found","No relevant professional relationship established from the property/MCST LinkedIn searches. This does not prove no contact exists.","site:linkedin.com/in ""2 FLANDERS SQUARE"" Singapore (manager OR management OR facilities OR ""quantity surveyor"" OR director)","site:linkedin.com ""2 FLANDERS SQUARE"" Singapore","2026-10-03",""
"0049","MANAGEMENT CORPORATION STRATA TITLE PLAN NO. 0049","","No suitable lead found","","","","","","","","","","","","","","0","","No published email found","NA","S70MC0049H","3E LORONG 12 GEYLANG 398984","12 LORONG 12 GEYLANG 398984","NIL","No usable phone or email found","No relevant professional relationship established from the property/MCST LinkedIn searches. This does not prove no contact exists.","site:linkedin.com/in ""3E LORONG 12 GEYLANG"" Singapore (manager OR management OR facilities OR ""quantity surveyor"" OR director)","site:linkedin.com ""3E LORONG 12 GEYLANG"" Singapore","2026-10-03",""
"0050","MANAGEMENT CORPORATION STRATA TITLE PLAN NO. 0050","","No suitable lead found","","","","","","","","","","","","","","0","","No published email found","NA","S70MC0050E","3H LORONG 12 GEYLANG 398984","3C LORONG 12 GEYLANG 398984","NIL","No usable phone or email found","No relevant professional relationship established from the property/MCST LinkedIn searches. This does not prove no contact exists.","site:linkedin.com/in ""3H LORONG 12 GEYLANG"" Singapore (manager OR management OR facilities OR ""quantity surveyor"" OR director)","site:linkedin.com ""3H LORONG 12 GEYLANG"" Singapore","2026-10-03",""
"0069","MANAGEMENT CORPORATION STRATA TITLE PLAN NO. 0069","","No suitable lead found","","","","","","","","","","","","","","0","","No published email found","NA","S70MC0069G","77 JALAN WANGI 349388","77 JALAN WANGI 349388","MCST","No usable phone or email found","No relevant professional relationship established from the property/MCST LinkedIn searches. This does not prove no contact exists.","site:linkedin.com/in ""77 JALAN WANGI"" Singapore (manager OR management OR facilities OR ""quantity surveyor"" OR director)","site:linkedin.com ""77 JALAN WANGI"" Singapore","2026-10-03",""
"01-4958","MIDTOWN BAY","Sonia Siow","Referral lead found","Assistant manager, facilities management (profile description)","GuocoLand Group","Related integrated-development referral","","","https://sg.linkedin.com/in/sonia-siow-18a31b104","LinkedIn profile only","Profile concerns Guoco Midtown. Midtown Bay is its residential component. Residential MCST responsibility is unconfirmed.","Not publicly dated","Related integrated-development referral. The profile does not establish responsibility for the Midtown Bay subsidiary MCST.","https://www.linkedin.com/posts/cscec-singapore-926189194_guocomidtown-projectupdate-construction-activity-7057420018493374464-qQB2","https://sg.linkedin.com/in/sonia-siow-18a31b104","","2","Wenshan Zhao","No published email found","01-4958","T25MC0038K","NA","122 BEACH ROAD 07-11 MIDTOWN BAY 189770","NA","No usable phone or email found","Use Leads for all candidates. Published roles and connections do not confirm current on-site responsibility.","site:linkedin.com/in ""MIDTOWN BAY"" Singapore (manager OR management OR facilities OR ""quantity surveyor"" OR director)","site:linkedin.com ""MIDTOWN BAY"" Singapore","2026-10-03",""
"01-4981","MIDTOWN MODERN","Patricia Lim","Referral lead found","Title not publicly visible","Guocoland Midtown Modern (profile employer label)","Property-affiliated referral; role unknown","","","https://sg.linkedin.com/in/patricia-lim-b4975b55","LinkedIn profile only","Profile names Guocoland Midtown Modern in its experience section.","Not publicly dated","Employer/property affiliation is visible; job title, dates and management responsibility are not. Ask for the facilities or property manager.","https://sg.linkedin.com/in/patricia-lim-b4975b55","https://sg.linkedin.com/in/patricia-lim-b4975b55","","1","","No published email found","01-4981","T26SM0001A","NA","20 TAN QUEE LAN STREET 02-01 MIDTOWN MODERN 188107","NA","No usable phone or email found","Use Leads for all candidates. Published roles and connections do not confirm current on-site responsibility.","site:linkedin.com/in ""MIDTOWN MODERN"" Singapore (manager OR management OR facilities OR ""quantity surveyor"" OR director)","site:linkedin.com ""MIDTOWN MODERN"" Singapore","2026-10-03",""
"0102","MANAGEMENT CORPORATION STRATA TITLE PLAN NO. 0102","","No suitable lead found","","","","","","","","","","","","","","0","","No published email found","NA","S71MC0102A","188-2B TANJONG KATONG ROAD 436990","188-2B TANJONG KATONG ROAD 436990","MCST","No usable phone or email found","No relevant professional relationship established from the property/MCST LinkedIn searches. This does not prove no contact exists.","site:linkedin.com/in ""188-2B TANJONG KATONG ROAD"" Singapore (manager OR management OR facilities OR ""quantity surveyor"" OR director)","site:linkedin.com ""188-2B TANJONG KATONG ROAD"" Singapore","2026-10-03",""
"0105","MANAGEMENT CORPN STRATA TITLE PLAN NO. 0105","","No suitable lead found","","","","","","","","","","","","","","0","","No published email found","NA","S71MC0105L","188-5B TANJONG KATONG ROAD 436990","188 TANJONG KATONG ROAD 436990","N","No usable phone or email found","No relevant professional relationship established from the property/MCST LinkedIn searches. This does not prove no contact exists.","site:linkedin.com/in ""188-5B TANJONG KATONG ROAD"" Singapore (manager OR management OR facilities OR ""quantity surveyor"" OR director)","site:linkedin.com ""188-5B TANJONG KATONG ROAD"" Singapore","2026-10-03",""
"0109","MANAGEMENT CORPN STRATA TITLE PLAN NO. 109","","No suitable lead found","","","","","","","","","","","","","","0","","No published email found","NA","S71MC0109F","188-9B TANJONG KATONG ROAD 436990","188-9B UPPER CROSS STREET 8-13 PEOPLE'S PARK CENTRE 58358","N","No usable phone or email found","No relevant professional relationship established from the property/MCST LinkedIn searches. This does not prove no contact exists.","site:linkedin.com/in ""188-9B TANJONG KATONG ROAD"" Singapore (manager OR management OR facilities OR ""quantity surveyor"" OR director)","site:linkedin.com ""188-9B TANJONG KATONG ROAD"" Singapore","2026-10-03",""
"0119","MANAGEMENT CORPN STRATA TITLE PLAN NO. 0119","","No suitable lead found","","","","","","","","","","","","","","0","","No published email found","NA","S72MC0119E","14 HAIG AVENUE 438869","14A HAIG AVENUE 438869","MCST","No usable phone or email found","Exact-address wording matched a school outside Singapore; rejected.","site:linkedin.com/in ""14 HAIG AVENUE"" Singapore (manager OR management OR facilities OR ""quantity surveyor"" OR director)","site:linkedin.com ""14 HAIG AVENUE"" Singapore","2026-10-03",""
"0127","MANAGEMENT CORPN STRATA TITLE PLAN NO. 0127","","No suitable lead found","","","","","","","","","","","","","","0","","No published email found","NA","S72MC0127G","33 LORONG 17 GEYLANG 388557","33B LORONG 17 GEYLANG 388557","NA","No usable phone or email found","No relevant professional relationship established from the property/MCST LinkedIn searches. This does not prove no contact exists.","site:linkedin.com/in ""33 LORONG 17 GEYLANG"" Singapore (manager OR management OR facilities OR ""quantity surveyor"" OR director)","site:linkedin.com ""33 LORONG 17 GEYLANG"" Singapore","2026-10-03",""
"0140","MANAGEMENT CORPN STRATA TITLE PLAN NO. 0140","","No suitable lead found","","","","","","","","","","","","","","0","","No published email found","NA","S72MC0140A","465E JOO CHIAT ROAD 427678","465D JOO CHIAT ROAD 427678","MCST","No usable phone or email found","No relevant professional relationship established from the property/MCST LinkedIn searches. This does not prove no contact exists.","site:linkedin.com/in ""465E JOO CHIAT ROAD"" Singapore (manager OR management OR facilities OR ""quantity surveyor"" OR director)","site:linkedin.com ""465E JOO CHIAT ROAD"" Singapore","2026-10-03",""
"0141","MANAGEMENT CORPN STRATA TITLE PLAN NO. 0141","","No suitable lead found","","","","","","","","","","","","","","0","","No published email found","NA","S72MC0141H","467 JOO CHIAT ROAD 427678","51 TANJONG KATONG ROAD 437035","MCST","No usable phone or email found","An exact-address profile was associated with a tenant/business. No management relationship established.","site:linkedin.com/in ""467 JOO CHIAT ROAD"" Singapore (manager OR management OR facilities OR ""quantity surveyor"" OR director)","site:linkedin.com ""467 JOO CHIAT ROAD"" Singapore","2026-10-03",""
"02-4885","THE MANAGEMENT CORPORATION STRATA TITLE PLAN NO SUB02-4885","","No suitable lead found","","","","","","","","","","","","","","0","","No published email found","02-4885","T24SM0009C","32 STEVENS ROAD 258892","30 STEVENS ROAD B1-01A 257840","NA","No usable phone or email found","Address appeared as an event venue. Event organisers were not established as MCST or facility managers.","site:linkedin.com/in ""32 STEVENS ROAD"" Singapore (manager OR management OR facilities OR ""quantity surveyor"" OR director)","site:linkedin.com ""32 STEVENS ROAD"" Singapore","2026-10-03",""
"02-4958","GUOCO MIDTOWN","Sonia Siow","Referral lead found","Assistant manager, facilities management (profile description)","GuocoLand Group","Property facilities-management lead","","","https://sg.linkedin.com/in/sonia-siow-18a31b104","LinkedIn profile only","Profile describes facilities-management responsibility at Guoco Midtown, including construction, TOP and tenant operations.","Not publicly dated","Current property assignment is unconfirmed. Confirm the responsible management team before relying on this referral.","https://sg.linkedin.com/in/sonia-siow-18a31b104","https://sg.linkedin.com/in/sonia-siow-18a31b104","","2","Wenshan Zhao","No published email found","02-4958","T25SM0005B","NA","128 BEACH ROAD 03-01 GUOCO MIDTOWN 189773","NA","No usable phone or email found","Use Leads for all candidates. Published roles and connections do not confirm current on-site responsibility.","site:linkedin.com/in ""GUOCO MIDTOWN"" Singapore (manager OR management OR facilities OR ""quantity surveyor"" OR director)","site:linkedin.com ""GUOCO MIDTOWN"" Singapore","2026-10-03",""
"0237","MANAGEMENT CORPORATION STRATA TITLE PLAN NO. 0237","","No suitable lead found","","","","","","","","","","","","","","0","","No published email found","NA","S74MC0237B","21 OPAL CRESCENT 328416","32 SUNGEI KADUT WAY HUA KOK INDUSTRIAL BUILDING 728787","NIL","No usable phone or email found","No relevant professional relationship established from the property/MCST LinkedIn searches. This does not prove no contact exists.","site:linkedin.com/in ""21 OPAL CRESCENT"" Singapore (manager OR management OR facilities OR ""quantity surveyor"" OR director)","site:linkedin.com ""21 OPAL CRESCENT"" Singapore","2026-10-03",""
"0240","MANAGEMENT CORPORATION STRATA TITLE PLAN NO. 0240","","No suitable lead found","","","","","","","","","","","","","","0","","No published email found","NA","S74MC0240B","212B GEYLANG ROAD 389272","212 GEYLANG ROAD 389272","MCST","No usable phone or email found","No relevant professional relationship established from the property/MCST LinkedIn searches. This does not prove no contact exists.","site:linkedin.com/in ""212B GEYLANG ROAD"" Singapore (manager OR management OR facilities OR ""quantity surveyor"" OR director)","site:linkedin.com ""212B GEYLANG ROAD"" Singapore","2026-10-03",""
"0288","MANAGEMENT CORPORATION STRATA TITLE PLAN NO. 0288","","No suitable lead found","","","","","","","","","","","","","","0","","No published email found","NA","S76MC0288L","2B LORONG 42 GEYLANG 398022","2 LORONG 42 GEYLANG 398022","NA","No usable phone or email found","No relevant professional relationship established from the property/MCST LinkedIn searches. This does not prove no contact exists.","site:linkedin.com/in ""2B LORONG 42 GEYLANG"" Singapore (manager OR management OR facilities OR ""quantity surveyor"" OR director)","site:linkedin.com ""2B LORONG 42 GEYLANG"" Singapore","2026-10-03",""
"0289","MANAGEMENT CORPORATION STRATA TITLE PLAN NO. 0289","","No suitable lead found","","","","","","","","","","","","","","0","","No published email found","NA","S76MC0289G","4 LORONG 42 GEYLANG 398023","17 LORONG 23 GEYLANG 7-6 YI LI INDUSTRIAL BUILDING 388371","ALADDIN MANAGEMENT SOLUTIONS PTE LTD","No usable phone or email found","Historical registered agent Aladdin Management Solutions appears in ACRA’s 4 March 2024 final striking-off gazette. No suitable replacement professional found.","site:linkedin.com/in ""4 LORONG 42 GEYLANG"" Singapore (manager OR management OR facilities OR ""quantity surveyor"" OR director)","site:linkedin.com ""4 LORONG 42 GEYLANG"" Singapore","2026-10-03","https://www.acra.gov.sg/docs/default-source/default-document-library/compliance/striking-off-entities/final-gazette-company-4-march-2024.pdf"
"0290","NA","","No suitable lead found","","","","","","","","","","","","","","0","","No published email found","NA","S76MC0290D","6 LORONG 42 GEYLANG 398024","6A/B LORONG 42 GEYLANG 398024","NA","No usable phone or email found","No relevant professional relationship established from the property/MCST LinkedIn searches. This does not prove no contact exists.","site:linkedin.com/in ""6 LORONG 42 GEYLANG"" Singapore (manager OR management OR facilities OR ""quantity surveyor"" OR director)","site:linkedin.com ""6 LORONG 42 GEYLANG"" Singapore","2026-10-03",""
"0291","MANAGEMENT CORPORATION STRATA TITLE PLAN NO. 0291","","No suitable lead found","","","","","","","","","","","","","","0","","No published email found","NA","S76MC0291L","8 LORONG 42 GEYLANG 398025","23 PANG SENG ROAD 348323","NIL","No usable phone or email found","No relevant professional relationship established from the property/MCST LinkedIn searches. This does not prove no contact exists.","site:linkedin.com/in ""8 LORONG 42 GEYLANG"" Singapore (manager OR management OR facilities OR ""quantity surveyor"" OR director)","site:linkedin.com ""8 LORONG 42 GEYLANG"" Singapore","2026-10-03",""
"0310","THONG TECK BUILDING","Wing Yan Chang","Referral lead found","Director & Head of Project Management","Colliers Singapore","Managing-agent brand referral","","+65 6531 8504","https://sg.linkedin.com/in/wing-yan-chang-%E9%84%AD%E8%A9%A0%E6%81%A9-8bb69113a","Published Colliers business line","BCA lists Colliers International Asset Management. Colliers publishes Chang as its Singapore project-management head.","Not publicly dated","Corporate brand referral. Her project-management division is not confirmed as the building’s asset-management team or on-site manager.","https://data.gov.sg/datasets/d_f988c57e16e99ad3a649aa04572efd1c/view","https://www.colliers.com/en-sg/countries/singapore/leadership","https://www.colliers.com/en-sg/countries/singapore/leadership","1","","No published email found","NA","S76MC0310K","15 SCOTTS ROAD 228213","15 SCOTTS ROAD 228218","COLLIERS INTERNATIONAL ASSET MANAGEMENT PTE LTD","No usable phone or email found","Use Leads for all candidates. Published roles and connections do not confirm current on-site responsibility.","site:linkedin.com/in ""THONG TECK BUILDING"" Singapore (manager OR management OR facilities OR ""quantity surveyor"" OR director)","site:linkedin.com ""THONG TECK BUILDING"" Singapore","2026-10-03",""
"0337","MANAGEMENT CORPORATION STRATA TITLE PLAN NO. 0337","","No suitable lead found","","","","","","","","","","","","","","0","","No published email found","NA","S77MC0337H","126B PASIR PANJANG ROAD 118546","126/A/B PASIR PANJANG ROAD 118546","NIL","No usable phone or email found","No relevant professional relationship established from the property/MCST LinkedIn searches. This does not prove no contact exists.","site:linkedin.com/in ""126B PASIR PANJANG ROAD"" Singapore (manager OR management OR facilities OR ""quantity surveyor"" OR director)","site:linkedin.com ""126B PASIR PANJANG ROAD"" Singapore","2026-10-03",""
"0353","MANAGEMENT CORPORATION STRATA TITLE PLAN NO. 0353","","No suitable lead found","","","","","","","","","","","","","","0","","No published email found","NA","S77MC0353A","290 BALESTIER ROAD 329732","290 BALESTIER ROAD 329732","MDM MOH TAI HO","No usable phone or email found","No relevant professional relationship established from the property/MCST LinkedIn searches. This does not prove no contact exists.","site:linkedin.com/in ""290 BALESTIER ROAD"" Singapore (manager OR management OR facilities OR ""quantity surveyor"" OR director)","site:linkedin.com ""290 BALESTIER ROAD"" Singapore","2026-10-03",""
"0375","MANAGEMENT CORPORATION STRATA TITLE PLAN NO. 0375","","No suitable lead found","","","","","","","","","","","","","","0","","No published email found","NA","S77MC0375C","94 RANGOON ROAD 218379","94 RANGOON ROAD 218379","NIL","No usable phone or email found","Address/profile mention did not establish a property-management or project relationship.","site:linkedin.com/in ""94 RANGOON ROAD"" Singapore (manager OR management OR facilities OR ""quantity surveyor"" OR director)","site:linkedin.com ""94 RANGOON ROAD"" Singapore","2026-10-03",""
"0411","THONG TECK BUILDING","Wing Yan Chang","Referral lead found","Director & Head of Project Management","Colliers Singapore","Managing-agent brand referral","","+65 6531 8504","https://sg.linkedin.com/in/wing-yan-chang-%E9%84%AD%E8%A9%A0%E6%81%A9-8bb69113a","Published Colliers business line","BCA lists Colliers International Asset Management. Colliers publishes Chang as its Singapore project-management head.","Not publicly dated","Corporate brand referral. Her project-management division is not confirmed as the building’s asset-management team or on-site manager.","https://data.gov.sg/datasets/d_f988c57e16e99ad3a649aa04572efd1c/view","https://www.colliers.com/en-sg/countries/singapore/leadership","https://www.colliers.com/en-sg/countries/singapore/leadership","1","","No published email found","NA","S78MC0411G","15 SCOTTS ROAD 228213","15 SCOTTS ROAD THONG TECK BUILDING 228218","COLLIERS INTERNATIONAL ASSET MANAGEMENT PTE LTD","No usable phone or email found","Use Leads for all candidates. Published roles and connections do not confirm current on-site responsibility.","site:linkedin.com/in ""THONG TECK BUILDING"" Singapore (manager OR management OR facilities OR ""quantity surveyor"" OR director)","site:linkedin.com ""THONG TECK BUILDING"" Singapore","2026-10-03",""
"0439","THONG TECK BUILDING","Wing Yan Chang","Referral lead found","Director & Head of Project Management","Colliers Singapore","Managing-agent brand referral","","+65 6531 8504","https://sg.linkedin.com/in/wing-yan-chang-%E9%84%AD%E8%A9%A0%E6%81%A9-8bb69113a","Published Colliers business line","BCA lists Colliers International Asset Management. Colliers publishes Chang as its Singapore project-management head.","Not publicly dated","Corporate brand referral. Her project-management division is not confirmed as the building’s asset-management team or on-site manager.","https://data.gov.sg/datasets/d_f988c57e16e99ad3a649aa04572efd1c/view","https://www.colliers.com/en-sg/countries/singapore/leadership","https://www.colliers.com/en-sg/countries/singapore/leadership","1","","No published email found","NA","S79MC0439A","15 SCOTTS ROAD 228213","15 SCOTTS ROAD 228218","COLLIERS INTERNATIONAL ASSET MANAGEMENT PTE LTD","No usable phone or email found","Use Leads for all candidates. Published roles and connections do not confirm current on-site responsibility.","site:linkedin.com/in ""THONG TECK BUILDING"" Singapore (manager OR management OR facilities OR ""quantity surveyor"" OR director)","site:linkedin.com ""THONG TECK BUILDING"" Singapore","2026-10-03",""
"0442","MCST 0442","","No suitable lead found","","","","","","","","","","","","","","0","","No published email found","NA","S79MC0442A","908J UPPER THOMSON ROAD 787111","108 POTONG PASIR AVENUE 1 10-484 350108","NA","No usable phone or email found","No relevant professional relationship established from the property/MCST LinkedIn searches. This does not prove no contact exists.","site:linkedin.com/in ""908J UPPER THOMSON ROAD"" Singapore (manager OR management OR facilities OR ""quantity surveyor"" OR director)","site:linkedin.com ""908J UPPER THOMSON ROAD"" Singapore","2026-10-03",""
"1115","MANAGEMENT CORPORATION STRATA TITLE PLAN NO. 1115","Silviana Oei","Referral lead found","Title not publicly visible","Santat Pte Ltd","Managing-agent company referral","","","https://sg.linkedin.com/in/silviana-oei-5b755227","LinkedIn profile only","BCA names Santat as managing agent. The profile lists Santat experience.","Not publicly dated","Company affiliation only. Title, current employment dates and assignment to this MCST are not publicly established.","https://data.gov.sg/datasets/d_f988c57e16e99ad3a649aa04572efd1c/view","https://sg.linkedin.com/in/silviana-oei-5b755227","","1","","No published email found","NA","S86MC1115B","344B JOO CHIAT ROAD 427595","344 JOO CHIAT ROAD 427595","SANTAT PTE LTD","No usable phone or email found","Use Leads for all candidates. Published roles and connections do not confirm current on-site responsibility.","site:linkedin.com/in ""344B JOO CHIAT ROAD"" Singapore (manager OR management OR facilities OR ""quantity surveyor"" OR director)","site:linkedin.com ""344B JOO CHIAT ROAD"" Singapore","2026-10-03",""
"1227","KARTAR APARTMENT","","No suitable lead found","","","","","","","","","","","","","","0","","No published email found","NA","S87MC1227F","43C THOMSON ROAD 307582","41 THOMSON ROAD KARTAR APARTMENT 307582","NA","No usable phone or email found","No relevant professional relationship established from the property/MCST LinkedIn searches. This does not prove no contact exists.","site:linkedin.com/in ""KARTAR APARTMENT"" Singapore (manager OR management OR facilities OR ""quantity surveyor"" OR director)","site:linkedin.com ""KARTAR APARTMENT"" Singapore","2026-10-03",""
"1244","MANAGEMENT CORPORATION STRATA TITLE PLAN NO. 1244","","No suitable lead found","","","","","","","","","","","","","","0","","No published email found","NA","S87MC1244F","241B GEYLANG ROAD 389300","810 NORTH BRIDGE ROAD 197887","NIL","No usable phone or email found","No relevant professional relationship established from the property/MCST LinkedIn searches. This does not prove no contact exists.","site:linkedin.com/in ""241B GEYLANG ROAD"" Singapore (manager OR management OR facilities OR ""quantity surveyor"" OR director)","site:linkedin.com ""241B GEYLANG ROAD"" Singapore","2026-10-03",""
"1403","MANAGEMENT CORPORATION STRATA TITLE PLAN NO. 1403","","No suitable lead found","","","","","","","","","","","","","","0","","No published email found","NA","S88MC1403K","413/A SEMBAWANG ROAD 758385","413 SEMBAWANG ROAD 758389","NA","No usable phone or email found","No relevant professional relationship established from the property/MCST LinkedIn searches. This does not prove no contact exists.","site:linkedin.com/in ""413/A SEMBAWANG ROAD"" Singapore (manager OR management OR facilities OR ""quantity surveyor"" OR director)","site:linkedin.com ""413/A SEMBAWANG ROAD"" Singapore","2026-10-03",""
"1464","MANAGEMENT CORPORATION STRATA TITLE PLAN NO. 1464","","No suitable lead found","","","","","","","","","","","","","","0","","No published email found","NA","S89MC1464H","137B HAIG ROAD 438767","137 HAIG ROAD 438767","N","No usable phone or email found","No relevant professional relationship established from the property/MCST LinkedIn searches. This does not prove no contact exists.","site:linkedin.com/in ""137B HAIG ROAD"" Singapore (manager OR management OR facilities OR ""quantity surveyor"" OR director)","site:linkedin.com ""137B HAIG ROAD"" Singapore","2026-10-03",""
"1688","E7 LODGE","","No suitable lead found","","","","","","","","","","","","","","0","","No published email found","NA","S92MC1688G","66  LORONG MELAYU 416953","66 LORONG MELAYU 01-05 E7 LODGE 416953","NA","No usable phone or email found","No relevant professional relationship established from the property/MCST LinkedIn searches. This does not prove no contact exists.","site:linkedin.com/in ""E7 LODGE"" Singapore (manager OR management OR facilities OR ""quantity surveyor"" OR director)","site:linkedin.com ""E7 LODGE"" Singapore","2026-10-03",""
"1767","CASA MELWANI","","No suitable lead found","","","","","","","","","","","","","","0","","No published email found","NA","S93MC1767H","7 SURREY ROAD 307746","7 SURREY ROAD 09-00 CASA MELWANI 307746","NA","No usable phone or email found","No relevant professional relationship established from the property/MCST LinkedIn searches. This does not prove no contact exists.","site:linkedin.com/in ""CASA MELWANI"" Singapore (manager OR management OR facilities OR ""quantity surveyor"" OR director)","site:linkedin.com ""CASA MELWANI"" Singapore","2026-10-03",""
"1772","AFFLUENCE COURT","","No suitable lead found","","","","","","","","","","","","","","0","","No published email found","NA","S93MC1772L","8 AH SOO GARDEN 539960","8 AH SOO GARDEN 01-01 AFFLUENCE COURT 539960","NA","No usable phone or email found","No relevant professional relationship established from the property/MCST LinkedIn searches. This does not prove no contact exists.","site:linkedin.com/in ""AFFLUENCE COURT"" Singapore (manager OR management OR facilities OR ""quantity surveyor"" OR director)","site:linkedin.com ""AFFLUENCE COURT"" Singapore","2026-10-03",""
"2008","MANAGEMENT CORPORATION STRATA TITLE PLAN NO. 2008","","No suitable lead found","","","","","","","","","","","","","","0","","No published email found","NA","S96MC2008K","75 CARPMAEL ROAD 429812","1001A UPPER SERANGOON ROAD 534741","MCST","No usable phone or email found","No relevant professional relationship established from the property/MCST LinkedIn searches. This does not prove no contact exists.","site:linkedin.com/in ""75 CARPMAEL ROAD"" Singapore (manager OR management OR facilities OR ""quantity surveyor"" OR director)","site:linkedin.com ""75 CARPMAEL ROAD"" Singapore","2026-10-03",""
"2021","MANAGEMENT CORPORATION STRATA TITLE PLAN NO. 2021","","No suitable lead found","","","","","","","","","","","","","","0","","No published email found","NA","S96MC2021D","255 JALAN BESAR 208928","255 JALAN BESAR 208928","NIL","No usable phone or email found","No relevant professional relationship established from the property/MCST LinkedIn searches. This does not prove no contact exists.","site:linkedin.com/in ""255 JALAN BESAR"" Singapore (manager OR management OR facilities OR ""quantity surveyor"" OR director)","site:linkedin.com ""255 JALAN BESAR"" Singapore","2026-10-03",""
"2062","MANAGEMENT CORPORATION STRATA TITLE PLAN NO. 2062","","No suitable lead found","","","","","","","","","","","","","","0","","No published email found","NA","S97MC2062C","325 BALESTIER ROAD 329754","325A BALESTIER ROAD JW BUILDING 329755","MCST","No usable phone or email found","No relevant professional relationship established from the property/MCST LinkedIn searches. This does not prove no contact exists.","site:linkedin.com/in ""325 BALESTIER ROAD"" Singapore (manager OR management OR facilities OR ""quantity surveyor"" OR director)","site:linkedin.com ""325 BALESTIER ROAD"" Singapore","2026-10-03",""
"2142","NULL","","No suitable lead found","","","","","","","","","","","","","","0","","No published email found","NA","S97MC2142F","7 ANN SIANG HILL 60791","7 ANN SIANG HILL 69791","NA","No usable phone or email found","Address matches concerned tenant businesses; no management relationship established.","site:linkedin.com/in ""7 ANN SIANG HILL"" Singapore (manager OR management OR facilities OR ""quantity surveyor"" OR director)","site:linkedin.com ""7 ANN SIANG HILL"" Singapore","2026-10-03",""
"2163","MANAGEMENT CORPORATION STRATA TITLE PLAN NO.2163","","No suitable lead found","","","","","","","","","","","","","","0","","No published email found","NA","S98MC2163F","40 LORONG 23 GEYLANG 388373","24 TANNERY LANE 6-6 TANNERY HOUSE 347790","HOE-TAN CO (PTE) LTD","No usable phone or email found","No relevant professional relationship established from the property/MCST LinkedIn searches. This does not prove no contact exists.","site:linkedin.com/in ""40 LORONG 23 GEYLANG"" Singapore (manager OR management OR facilities OR ""quantity surveyor"" OR director)","site:linkedin.com ""40 LORONG 23 GEYLANG"" Singapore","2026-10-03",""
"2173","MANAGEMENT CORPORATION STRATA TITLE PLAN NO.2173","Sammi Lim","Referral lead found","Founder and Executive Director","Brilliance Capital","Sales-agent referral","sammi@brilliancecapital.sg","","https://sg.linkedin.com/in/bc-sammi-lim","Published business email of selling-agent contact","Her LinkedIn post and Brilliance’s announcement identify a whole-building sale at 17 Hongkong Street.","2024 sale announcement","Historical whole-building selling-agent referral. No current property-management mandate is established.","https://www.linkedin.com/posts/bc-sammi-lim_for-sale-by-expression-of-interest-17-hongkong-activity-7230001763683024898-RZwu","https://brilliancecapital.sg/about-us/","https://brilliancecapital.sg/property/6930/","1","","Yes","NA","S98MC2173L","17 HONGKONG STREET 59660","8 SHENTON WAY 29-01 068811","NIL","No usable phone or email found","Use Leads for all candidates. Published roles and connections do not confirm current on-site responsibility.","site:linkedin.com/in ""17 HONGKONG STREET"" Singapore (manager OR management OR facilities OR ""quantity surveyor"" OR director)","site:linkedin.com ""17 HONGKONG STREET"" Singapore","2026-10-03",""
"2207","MCST 2207","","No suitable lead found","","","","","","","","","","","","","","0","","No published email found","NA","S98MC2207F","12 LORONG 19 GEYLANG 388493","12 LORONG 19 GEYLANG 01-01 BOUGAINVILLA APARTMENT 388493","NA","No usable phone or email found","No relevant professional relationship established from the property/MCST LinkedIn searches. This does not prove no contact exists.","site:linkedin.com/in ""12 LORONG 19 GEYLANG"" Singapore (manager OR management OR facilities OR ""quantity surveyor"" OR director)","site:linkedin.com ""12 LORONG 19 GEYLANG"" Singapore","2026-10-03",""
"2219","33W X Y Z CHANCERY LANE","","No suitable lead found","","","","","","","","","","","","","","0","","No published email found","NA","S98MC2219C","33Z CHANCERY LANE 309593","31D CHANCERY LANE 309552","NA","No usable phone or email found","No relevant professional relationship established from the property/MCST LinkedIn searches. This does not prove no contact exists.","site:linkedin.com/in ""33W X Y Z CHANCERY LANE"" Singapore (manager OR management OR facilities OR ""quantity surveyor"" OR director)","site:linkedin.com ""33W X Y Z CHANCERY LANE"" Singapore","2026-10-03",""
"2292","HARRISON INDUSTRIAL BUIDLING","","No suitable lead found","","","","","","","","","","","","","","0","","No published email found","NA","S99MC2292K","9 HARRISON ROAD 369651","9 HARRISON ROAD HARRISON INDUSTRIAL BUIDLING 369650","NA","No usable phone or email found","No relevant professional relationship established from the property/MCST LinkedIn searches. This does not prove no contact exists.","site:linkedin.com/in ""HARRISON INDUSTRIAL BUIDLING"" Singapore (manager OR management OR facilities OR ""quantity surveyor"" OR director)","site:linkedin.com ""HARRISON INDUSTRIAL BUIDLING"" Singapore","2026-10-03",""
"2597","NA","","No suitable lead found","","","","","","","","","","","","","","0","","No published email found","NA","T01MC2597K","36A TRURO ROAD ","45 MAXWELL ROAD 06-11 069118","NA","No usable phone or email found","No relevant professional relationship established from the property/MCST LinkedIn searches. This does not prove no contact exists.","site:linkedin.com/in ""36A TRURO ROAD"" Singapore (manager OR management OR facilities OR ""quantity surveyor"" OR director)","site:linkedin.com ""36A TRURO ROAD"" Singapore","2026-10-03",""
"2685","ORCHARD POINT","","No suitable lead found","","","","","","","","","","","","","","0","","No published email found","NA","T02MC2685J","160 ORCHARD ROAD 238842","60 ALBERT STREET 04-01 OG ALBERT COMPLEX 189969","NA","No usable phone or email found","Matches concerned tenants, coworking operations, news or reposts. No whole-building management contact established.","site:linkedin.com/in ""ORCHARD POINT"" Singapore (manager OR management OR facilities OR ""quantity surveyor"" OR director)","site:linkedin.com ""ORCHARD POINT"" Singapore","2026-10-03",""
"2700","NA","","No suitable lead found","","","","","","","","","","","","","","0","","No published email found","NA","T02MC2700B","172 JOO CHIAT PLACE 427890","172 JOO CHIAT PLACE 427890","NA","No usable phone or email found","No relevant professional relationship established from the property/MCST LinkedIn searches. This does not prove no contact exists.","site:linkedin.com/in ""172 JOO CHIAT PLACE"" Singapore (manager OR management OR facilities OR ""quantity surveyor"" OR director)","site:linkedin.com ""172 JOO CHIAT PLACE"" Singapore","2026-10-03",""
"2834","305A/B/C TANJONG KATONG ROAD","","No suitable lead found","","","","","","","","","","","","","","0","","No published email found","NA","T04MC2834B","305 TANJONG KATONG ROAD 437088","82 FLORA ROAD 08-08 507000","NA","No usable phone or email found","No relevant professional relationship established from the property/MCST LinkedIn searches. This does not prove no contact exists.","site:linkedin.com/in ""305A/B/C TANJONG KATONG ROAD"" Singapore (manager OR management OR facilities OR ""quantity surveyor"" OR director)","site:linkedin.com ""305A/B/C TANJONG KATONG ROAD"" Singapore","2026-10-03",""
"2899","Management Corporation Strata Title No. 2899","","No suitable lead found","","","","","","","","","","","","","","0","","No published email found","NA","T04MC2899A","395B GUILLEMARD ROAD 399791","554 CHANGI ROAD 419934","NA","No usable phone or email found","No relevant professional relationship established from the property/MCST LinkedIn searches. This does not prove no contact exists.","site:linkedin.com/in ""395B GUILLEMARD ROAD"" Singapore (manager OR management OR facilities OR ""quantity surveyor"" OR director)","site:linkedin.com ""395B GUILLEMARD ROAD"" Singapore","2026-10-03",""
"2971","Management Corporation Strata Title No. 2971","","No suitable lead found","","","","","","","","","","","","","","0","","No published email found","NA","T05MC2971H","62 WILKIE ROAD 228066","62 WILKIE ROAD 01-01 228066","NA","No usable phone or email found","No relevant professional relationship established from the property/MCST LinkedIn searches. This does not prove no contact exists.","site:linkedin.com/in ""62 WILKIE ROAD"" Singapore (manager OR management OR facilities OR ""quantity surveyor"" OR director)","site:linkedin.com ""62 WILKIE ROAD"" Singapore","2026-10-03",""
"3058","TG BUILDING","","No suitable lead found","","","","","","","","","","","","","","0","","No published email found","NA","T13MC0070E","NA","81 TAGORE LANE 01-21 TAG A 787502","NA","No usable phone or email found","Searches confused the property name with construction-company names and overseas buildings.","site:linkedin.com/in ""TG BUILDING"" Singapore (manager OR management OR facilities OR ""quantity surveyor"" OR director)","site:linkedin.com ""TG BUILDING"" Singapore","2026-10-03",""
"3060","NASSIM VILLE","","No suitable lead found","","","","","","","","","","","","","","0","","No published email found","NA","T21MC0022J","NA","13 NORTH CANAL ROAD 03-01 Aw & Sons Pte Ltd 048826","NA","No usable phone or email found","No Singapore Nassim Ville management or project professional established.","site:linkedin.com/in ""NASSIM VILLE"" Singapore (manager OR management OR facilities OR ""quantity surveyor"" OR director)","site:linkedin.com ""NASSIM VILLE"" Singapore","2026-10-03",""
"3242","Management Corporation Strata Title No. 3242","","No suitable lead found","","","","","","","","","","","","","","0","","No published email found","NA","T08MC3242C","NA","865 MOUNTBATTEN ROAD 05-23 KATONG SHOPPING CENTRE 437844","NA","No usable phone or email found","No relevant professional relationship established from the property/MCST LinkedIn searches. This does not prove no contact exists.","site:linkedin.com/in ""MCST 3242"" Singapore (manager OR management OR facilities OR ""quantity surveyor"" OR director)","site:linkedin.com ""MCST 3242"" Singapore","2026-10-03",""
"3379","MAS BUILDING","","No suitable lead found","","","","","","","","","","","","","","0","","No published email found","NA","T08MC3381G","NA","10 SHENTON WAY MAS BUILDING 079117","NA","No usable phone or email found","MAS employees and banking facilities-compliance references did not establish responsibility for the building.","site:linkedin.com/in ""MAS BUILDING"" Singapore (manager OR management OR facilities OR ""quantity surveyor"" OR director)","site:linkedin.com ""MAS BUILDING"" Singapore","2026-10-03",""
"3473","NA","","No suitable lead found","","","","","","","","","","","","","","0","","No published email found","NA","T11MC0023B","NA","117 OWEN ROAD C/o Owen Private Limited 218923","NA","No usable phone or email found","No relevant professional relationship established from the property/MCST LinkedIn searches. This does not prove no contact exists.","site:linkedin.com/in ""MCST 3473"" Singapore (manager OR management OR facilities OR ""quantity surveyor"" OR director)","site:linkedin.com ""MCST 3473"" Singapore","2026-10-03",""
"3588","THE MARQUE @ IRRAWADDY","","No suitable lead found","","","","","","","","","","","","","","0","","No published email found","NA","T10MC0067A","8 SHAN ROAD 328108","8 SHAN ROAD 01-01 THE MARQUE @ IRRAWADDY 328108","STRATUM PROPERTY SERVICES PTE LTD","No usable phone or email found","No suitable Singapore Stratum Property Services professional found. Foreign similarly named businesses rejected.","site:linkedin.com/in ""THE MARQUE @ IRRAWADDY"" Singapore (manager OR management OR facilities OR ""quantity surveyor"" OR director)","site:linkedin.com ""THE MARQUE @ IRRAWADDY"" Singapore","2026-10-03",""
"3618","NA","","No suitable lead found","","","","","","","","","","","","","","0","","No published email found","NA","T11MC0055J","NA","51 TELOK AYER STREET CHINA SQUARE FOOD CENTRE 048441","NA","No usable phone or email found","No relevant professional relationship established from the property/MCST LinkedIn searches. This does not prove no contact exists.","site:linkedin.com/in ""MCST 3618"" Singapore (manager OR management OR facilities OR ""quantity surveyor"" OR director)","site:linkedin.com ""MCST 3618"" Singapore","2026-10-03",""
"3732","NA","","No suitable lead found","","","","","","","","","","","","","","0","","No published email found","NA","T11MC0093D","NA","20A PRINCESS OF WALES ROAD 266923","NA","No usable phone or email found","No relevant professional relationship established from the property/MCST LinkedIn searches. This does not prove no contact exists.","site:linkedin.com/in ""MCST 3732"" Singapore (manager OR management OR facilities OR ""quantity surveyor"" OR director)","site:linkedin.com ""MCST 3732"" Singapore","2026-10-03",""
"3755","61 JOO CHIAT LANE","","No suitable lead found","","","","","","","","","","","","","","0","","No published email found","NA","T11MC0090E","61 JOO CHIAT LANE 428111","61 JOO CHIAT LANE 01-01 428111","NA","No usable phone or email found","No relevant professional relationship established from the property/MCST LinkedIn searches. This does not prove no contact exists.","site:linkedin.com/in ""61 JOO CHIAT LANE"" Singapore (manager OR management OR facilities OR ""quantity surveyor"" OR director)","site:linkedin.com ""61 JOO CHIAT LANE"" Singapore","2026-10-03",""
"3789","SOPHIA 77","","No suitable lead found","","","","","","","","","","","","","","0","","No published email found","NA","T12MC0012F","77 SOPHIA ROAD 228157","15 TAN BOON CHONG AVENUE 276324","NA","No usable phone or email found","No relevant professional relationship established from the property/MCST LinkedIn searches. This does not prove no contact exists.","site:linkedin.com/in ""SOPHIA 77"" Singapore (manager OR management OR facilities OR ""quantity surveyor"" OR director)","site:linkedin.com ""SOPHIA 77"" Singapore","2026-10-03",""
"3875","133 JOO CHIAT ROAD","","No suitable lead found","","","","","","","","","","","","","","0","","No published email found","NA","T13MC0005E","133 JOO CHIAT ROAD 427865","57 MARINE TERRACE 01-113 440057","NA","No usable phone or email found","No relevant professional relationship established from the property/MCST LinkedIn searches. This does not prove no contact exists.","site:linkedin.com/in ""133 JOO CHIAT ROAD"" Singapore (manager OR management OR facilities OR ""quantity surveyor"" OR director)","site:linkedin.com ""133 JOO CHIAT ROAD"" Singapore","2026-10-03",""
"3979","THE AMERALD STUDIO","","No suitable lead found","","","","","","","","","","","","","","0","","No published email found","NA","T13MC0095F","1 SERAYA LANE 437297","67 CRESCENT ROAD 439356","NA","No usable phone or email found","Sales posts found, but no suitable management or technical contact established.","site:linkedin.com/in ""THE AMERALD STUDIO"" Singapore (manager OR management OR facilities OR ""quantity surveyor"" OR director)","site:linkedin.com ""THE AMERALD STUDIO"" Singapore","2026-10-03",""
"4047","CENTRA LOFT","Abdul Razak Jaffar","Referral lead found","PMP-certified project professional; current job title not visible","Borneo Properties Sdn Bhd (profile employer)","Historical project referral","","","https://sg.linkedin.com/in/abdulrazakjaffar","LinkedIn profile only","Profile lists the 47-unit Centra Loft condominium development among its projects.","2013","Historical construction-project connection. The listed employer is not confirmed as the Centra Loft managing agent.","https://sg.linkedin.com/in/abdulrazakjaffar","https://sg.linkedin.com/in/abdulrazakjaffar","","1","","No published email found","NA","T14MC0091E","3 LORONG 35 GEYLANG 387935","116 CHANGI ROAD 04-07 WIS@CHANGI 419718","NEXUS FACILITY MANAGEMENT PTE LTD","No usable phone or email found","Use Leads for all candidates. Published roles and connections do not confirm current on-site responsibility.","site:linkedin.com/in ""CENTRA LOFT"" Singapore (manager OR management OR facilities OR ""quantity surveyor"" OR director)","site:linkedin.com ""CENTRA LOFT"" Singapore","2026-10-03",""
"4098","Kanopy@77","","No suitable lead found","","","","","","","","","","","","","","0","","No published email found","NA","T16MC0017F","77 LORONG K TELOK KURAU 425699","77 LORONG K TELOK KURAU 04-01 425699","NA","No usable phone or email found","No relevant professional relationship established from the property/MCST LinkedIn searches. This does not prove no contact exists.","site:linkedin.com/in ""Kanopy@77"" Singapore (manager OR management OR facilities OR ""quantity surveyor"" OR director)","site:linkedin.com ""Kanopy@77"" Singapore","2026-10-03",""
"4376","SUNSTONE RESIDENCES ","","No suitable lead found","","","","","","","","","","","","","","0","","No published email found","NA","T16MC0049B","51 JALAN DAUD 419589","33 SENANG CRESCENT 416604","NA","No usable phone or email found","No suitable Singapore property or project professional established.","site:linkedin.com/in ""SUNSTONE RESIDENCES"" Singapore (manager OR management OR facilities OR ""quantity surveyor"" OR director)","site:linkedin.com ""SUNSTONE RESIDENCES"" Singapore","2026-10-03",""
"4399","  GOODLAND GROUP BUILDING","","No suitable lead found","","","","","","","","","","","","","","0","","No published email found","NA","T16MC0092L","3 KIM CHUAN LANE 537069","3 KIM CHUAN LANE 07-01 Goodland Group Building 537069","NA","No usable phone or email found","Tenant profiles and unrelated overseas Goodland businesses rejected.","site:linkedin.com/in ""GOODLAND GROUP BUILDING"" Singapore (manager OR management OR facilities OR ""quantity surveyor"" OR director)","site:linkedin.com ""GOODLAND GROUP BUILDING"" Singapore","2026-10-03",""
"4453","40| 40A & 40B  JANSEN ROAD","","No suitable lead found","","","","","","","","","","","","","","0","","No published email found","NA","T17MC0012J","40 JANSEN ROAD 544848","40 JANSEN ROAD 544845","NA","No usable phone or email found","No relevant professional relationship established from the property/MCST LinkedIn searches. This does not prove no contact exists.","site:linkedin.com/in ""40| 40A & 40B  JANSEN ROAD"" Singapore (manager OR management OR facilities OR ""quantity surveyor"" OR director)","site:linkedin.com ""40| 40A & 40B  JANSEN ROAD"" Singapore","2026-10-03",""
"4465","NA","Julie Anne Rojas","Referral lead found","Construction-project contributor; title not public","DesignBuild Construction Pte Ltd","Historical project referral","","","https://sg.linkedin.com/in/julie-anne-rojas-0036b672","LinkedIn profile only","Profile lists basement fit-out works at Nassim Quattro, 49 Nassim Road. This matches the MCST’s recorded development location.","August to September 2021","Historical basement fit-out connection at the matching address. The original development name is missing, and no current MCST management appointment is established.","https://sg.linkedin.com/in/julie-anne-rojas-0036b672","https://sg.linkedin.com/in/julie-anne-rojas-0036b672","","1","","No published email found","NA","T17MC0037K","49 NASSIM ROAD 258435","11 LAGUNA GOLF GREEN 488047","NA","No usable phone or email found","Use Leads for all candidates. Published roles and connections do not confirm current on-site responsibility.","site:linkedin.com/in ""49 NASSIM ROAD"" Singapore (manager OR management OR facilities OR ""quantity surveyor"" OR director)","site:linkedin.com ""49 NASSIM ROAD"" Singapore","2026-10-03",""
"4481","28RC SUITES","","No suitable lead found","","","","","","","","","","","","","","0","","No published email found","NA","T17MC0041F","28 RACE COURSE LANE 218746","28 RACE COURSE LANE 28RC SUITES 218746","NA","No usable phone or email found","No relevant professional relationship established from the property/MCST LinkedIn searches. This does not prove no contact exists.","site:linkedin.com/in ""28RC SUITES"" Singapore (manager OR management OR facilities OR ""quantity surveyor"" OR director)","site:linkedin.com ""28RC SUITES"" Singapore","2026-10-03",""
"4500","MOUNTBATTEN LIGHTS","","No suitable lead found","","","","","","","","","","","","","","0","","No published email found","NA","T17MC0045A","737 MOUNTBATTEN ROAD 437747","737C MOUNTBATTEN ROAD 437747","NA","No usable phone or email found","No relevant professional relationship established from the property/MCST LinkedIn searches. This does not prove no contact exists.","site:linkedin.com/in ""MOUNTBATTEN LIGHTS"" Singapore (manager OR management OR facilities OR ""quantity surveyor"" OR director)","site:linkedin.com ""MOUNTBATTEN LIGHTS"" Singapore","2026-10-03",""
"4506","THE BROOKS I","","No suitable lead found","","","","","","","","","","","","","","0","","No published email found","NA","T17MC0079L","60 SPRINGSIDE WALK 786020","60 SPRINGSIDE WALK 01-20 THE BROOKS I  786020","NA","No usable phone or email found","Results did not establish a Singapore development-management or project relationship.","site:linkedin.com/in ""THE BROOKS I"" Singapore (manager OR management OR facilities OR ""quantity surveyor"" OR director)","site:linkedin.com ""THE BROOKS I"" Singapore","2026-10-03",""
"4642","MCST 4642","","No suitable lead found","","","","","","","","","","","","","","0","","No published email found","NA","T20MC0001J","267 JOO CHIAT ROAD 427521","267 JOO CHIAT ROAD 03-01 427521","NA","No usable phone or email found","No relevant professional relationship established from the property/MCST LinkedIn searches. This does not prove no contact exists.","site:linkedin.com/in ""267 JOO CHIAT ROAD"" Singapore (manager OR management OR facilities OR ""quantity surveyor"" OR director)","site:linkedin.com ""267 JOO CHIAT ROAD"" Singapore","2026-10-03",""
"4645","VICTORY 8","","No suitable lead found","","","","","","","","","","","","","","0","","No published email found","NA","T18MC0074C","NA","291 JOO CHIAT ROAD 03-01 JK CENTRE 427543","NA","No usable phone or email found","Overseas businesses and unrelated Victory 8 references rejected.","site:linkedin.com/in ""VICTORY 8"" Singapore (manager OR management OR facilities OR ""quantity surveyor"" OR director)","site:linkedin.com ""VICTORY 8"" Singapore","2026-10-03",""
"4726","NA","","No suitable lead found","","","","","","","","","","","","","","0","","No published email found","NA","T20MC0005D","NA","5/5A-C YONG SIAK STREET 168643","NA","No usable phone or email found","No relevant professional relationship established from the property/MCST LinkedIn searches. This does not prove no contact exists.","site:linkedin.com/in ""MCST 4726"" Singapore (manager OR management OR facilities OR ""quantity surveyor"" OR director)","site:linkedin.com ""MCST 4726"" Singapore","2026-10-03",""
"4753","THE MANAGEMENT CORPORATION STRATA TITLE PLAN NO. 4753","","No suitable lead found","","","","","","","","","","","","","","0","","No published email found","NA","T20MC0027F","NA","303 CHANGI SOUTH STREET 1 04-01 486795","NA","No usable phone or email found","No relevant professional relationship established from the property/MCST LinkedIn searches. This does not prove no contact exists.","site:linkedin.com/in ""MCST 4753"" Singapore (manager OR management OR facilities OR ""quantity surveyor"" OR director)","site:linkedin.com ""MCST 4753"" Singapore","2026-10-03",""
"4785","NA","","No suitable lead found","","","","","","","","","","","","","","0","","No published email found","NA","T24MC0021F","NA","9 TEMASEK BOULEVARD 35-02 Suntec Tower 2 038989","NA","No usable phone or email found","No relevant professional relationship established from the property/MCST LinkedIn searches. This does not prove no contact exists.","site:linkedin.com/in ""MCST 4785"" Singapore (manager OR management OR facilities OR ""quantity surveyor"" OR director)","site:linkedin.com ""MCST 4785"" Singapore","2026-10-03",""
"4812","GWP Centre","","No suitable lead found","","","","","","","","","","","","","","0","","No published email found","NA","T23MC0025G","NA","24 RAFFLES PLACE 24-03 048621","NA","No usable phone or email found","No suitable building-management or project professional established.","site:linkedin.com/in ""GWP Centre"" Singapore (manager OR management OR facilities OR ""quantity surveyor"" OR director)","site:linkedin.com ""GWP Centre"" Singapore","2026-10-03",""
"4885","THE MANAGEMENT CORPORATION STRATA TITLE PLAN NO 4885","","No suitable lead found","","","","","","","","","","","","","","0","","No published email found","NA","T24MC0040J","26 STEVENS ROAD 258891","30 STEVENS ROAD 01- 257840","NA","No usable phone or email found","No professional established for the MCST at the Stevens Road addresses.","site:linkedin.com/in ""26 STEVENS ROAD"" Singapore (manager OR management OR facilities OR ""quantity surveyor"" OR director)","site:linkedin.com ""26 STEVENS ROAD"" Singapore","2026-10-03",""
"4890","KOPAR AT NEWTON","Winnie Wong","Referral lead found","Senior Managing Director, Property Management","Savills Property Management","Appointed-agent leadership referral","","+65 6346 3238","https://sg.linkedin.com/in/winnie-wong-7b784a253","Shared Savills property-management office","Savills’ own LinkedIn announcement names this development as a managing-agent appointment and tags Winnie Wong.","Public appointment announcement; exact end date not shown","Company appointment is published. Wong is a company leader, not a confirmed on-site manager. Ask the office for the assigned estate team.","https://www.linkedin.com/posts/savills-singapore_savillssg-savillspropertymanagement-koparatnewton-activity-7368447477047312385-GxsE","https://www.savills.com.sg/services/property-management.aspx","https://www.savills.com.sg/services/property-management.aspx","2","Steven Chew","No published email found","NA","T24MC0018F","4 MAKEWAY AVENUE 228605","4 MAKEWAY AVENUE KOPAR AT NEWTON 228605","NA","No usable phone or email found","Use Leads for all candidates. Published roles and connections do not confirm current on-site responsibility.","site:linkedin.com/in ""KOPAR AT NEWTON"" Singapore (manager OR management OR facilities OR ""quantity surveyor"" OR director)","site:linkedin.com ""KOPAR AT NEWTON"" Singapore","2026-10-03",""
"4919","SPACE 21","","No suitable lead found","","","","","","","","","","","","","","0","","No published email found","NA","T24MC0052F","NA","51 LORONG 21 GEYLANG 388466","NA","No usable phone or email found","Tenant and unrelated Space 21 references did not establish a project or management link.","site:linkedin.com/in ""SPACE 21"" Singapore (manager OR management OR facilities OR ""quantity surveyor"" OR director)","site:linkedin.com ""SPACE 21"" Singapore","2026-10-03",""
"4928","GEMS VILLE","Gabriel Sua","Referral lead found","Security and smart-home systems project contributor","PSA Singapore (current profile employer; project employer not shown)","Historical project referral","","","https://sg.linkedin.com/in/gabriel-sua","LinkedIn profile only","Gems Ville project entry describes CCTV, access-control and smart-home installation.","2024","Historical technical referral. PSA is the profile employer, not a claimed developer or managing agent of Gems Ville.","https://sg.linkedin.com/in/gabriel-sua","https://sg.linkedin.com/in/gabriel-sua","","1","","No published email found","NA","T25MC0003D","NA","91 BENCOOLEN STREET 12-01 EAST ASIA GEYLANG DEVELOPMENT PTE LTD 189652","NA","No usable phone or email found","Use Leads for all candidates. Published roles and connections do not confirm current on-site responsibility.","site:linkedin.com/in ""GEMS VILLE"" Singapore (manager OR management OR facilities OR ""quantity surveyor"" OR director)","site:linkedin.com ""GEMS VILLE"" Singapore","2026-10-03",""
"4940","THE ATELIER","Julie Anne Rojas","Referral lead found","Construction-project contributor; title not public","DesignBuild Construction Pte Ltd","Project / contractor referral","","","https://sg.linkedin.com/in/julie-anne-rojas-0036b672","LinkedIn profile only","Profile lists a 120-unit residential project at 2 Makeway Avenue, matching The Atelier’s recorded address.","May 2022","Historical construction-project lead. No current MCST management appointment established.","https://sg.linkedin.com/in/julie-anne-rojas-0036b672","https://sg.linkedin.com/in/julie-anne-rojas-0036b672","","1","","No published email found","NA","T25MC0009B","2 MAKEWAY AVENUE 228599","2 MAKEWAY AVENUE The Atelier 228599","NA","No usable phone or email found","Use Leads for all candidates. Published roles and connections do not confirm current on-site responsibility.","site:linkedin.com/in ""THE ATELIER"" Singapore (manager OR management OR facilities OR ""quantity surveyor"" OR director)","site:linkedin.com ""THE ATELIER"" Singapore","2026-10-03",""
"4941","THE GATZ","","No suitable lead found","","","","","","","","","","","","","","0","","No published email found","NA","T25MC0005G","NA","25 SELETAR NORTH LINK 02-01 HUUSO REALTY PTE LTD 797601","NA","No usable phone or email found","No suitable Huuso Realty or The Gatz property professional established.","site:linkedin.com/in ""THE GATZ"" Singapore (manager OR management OR facilities OR ""quantity surveyor"" OR director)","site:linkedin.com ""THE GATZ"" Singapore","2026-10-03",""
"4943","MOOI RESIDENCES","Wayne Liow","Referral lead found","Property-management professional; exact title not public","Tri Property Asset Management Pte Ltd","Directory-suggested agent referral","","+65 6937 9060","https://sg.linkedin.com/in/wayne-liow-5672a8b4","Shared company number from industry association","A third-party managing-agent directory links Tri to Mooi Residences. LinkedIn lists Liow at Tri and offers property-management services.","Not publicly dated","Property-to-agent link is third-party only and differs from the blank July BCA agent field. Confirm Tri’s appointment and Liow’s role before use.","https://comparemanagingagents.com/singapore/managing-agents/tri-property-asset-management/","https://sg.linkedin.com/in/wayne-liow-5672a8b4","https://www.asm.org.sg/accredited-strata-firms","1","","No published email found","NA","T25MC0013J","NA","BEACH ROAD 199589","NA","No usable phone or email found","Use Leads for all candidates. Published roles and connections do not confirm current on-site responsibility.","site:linkedin.com/in ""MOOI RESIDENCES"" Singapore (manager OR management OR facilities OR ""quantity surveyor"" OR director)","site:linkedin.com ""MOOI RESIDENCES"" Singapore","2026-10-03",""
"4951","PENROSE","Cheah Ding Ding","Referral lead found","Architect","ADDP Architects LLP","Project / consultant referral","","","https://sg.linkedin.com/in/ar-cheah-ding-ding-69067a183","LinkedIn profile only","Profile lists a 2020 Penrose Green Mark award among project achievements.","2020 award","Design-project referral based on a profile achievement. Does not establish current building-management responsibility.","https://sg.linkedin.com/in/ar-cheah-ding-ding-69067a183","https://sg.linkedin.com/in/ar-cheah-ding-ding-69067a183","","1","","No published email found","NA","T25MC0030J","NA","16 RAFFLES QUAY 25-00 048581","NA","No usable phone or email found","Use Leads for all candidates. Published roles and connections do not confirm current on-site responsibility.","site:linkedin.com/in ""PENROSE"" Singapore (manager OR management OR facilities OR ""quantity surveyor"" OR director)","site:linkedin.com ""PENROSE"" Singapore","2026-10-03",""
"4952","KI RESIDENCES AT BROOKVALE","Johideen Mohamed Hamanullah","Referral lead found","Construction and workplace-safety project contact; exact title not public","Straits Construction Singapore Pte Ltd","Historical project referral","","","https://sg.linkedin.com/in/johideen-mohamed","LinkedIn profile only","Profile associates its 2021, 2022 and 2023 workplace-safety awards with Ki Residences.","2021 to 2023 awards","Historical project affiliation through safety awards. Current estate responsibility and exact job title are unconfirmed.","https://sg.linkedin.com/in/johideen-mohamed","https://sg.linkedin.com/in/johideen-mohamed","","1","","No published email found","NA","T25MC0019G","NA","16 JALAN KILANG 07-01 HOI HUP BUILDING 159416","NA","No usable phone or email found","Use Leads for all candidates. Published roles and connections do not confirm current on-site responsibility.","site:linkedin.com/in ""KI RESIDENCES AT BROOKVALE"" Singapore (manager OR management OR facilities OR ""quantity surveyor"" OR director)","site:linkedin.com ""KI RESIDENCES AT BROOKVALE"" Singapore","2026-10-03",""
"4955","Botanic @ Cluny Park","","No suitable lead found","","","","","","","","","","","","","","0","","No published email found","NA","T25MC0029A","NA","75 CLUNY PARK ROAD 257487","NA","No usable phone or email found","Botanic Gardens staff and Cluny Road references did not establish a connection to this development.","site:linkedin.com/in ""Botanic @ Cluny Park"" Singapore (manager OR management OR facilities OR ""quantity surveyor"" OR director)","site:linkedin.com ""Botanic @ Cluny Park"" Singapore","2026-10-03",""
"4956","Baywind Residences","Su Cherry Yin","Referral lead found","Title not publicly visible","LWH Holdings Pte Ltd","Developer company referral","lwh@lwhholdings.com.sg","+65 6742 9133","https://sg.linkedin.com/in/scyin","Shared developer enquiries, not the person’s direct contact","Profile lists LWH Holdings. BCA’s quality-housing listing identifies LWH and ABR as Baywind developers.","Not publicly dated","Developer-company affiliation only. The person’s role and Baywind assignment are not established; request the project or property-management team.","https://www.bca.gov.sg/quality-housing-portal/ProjectDetail.aspx?buildtype=Private+Housing&cat=Contractor&name=JH+Construction+Pte+Ltd","https://sg.linkedin.com/in/scyin","https://lwhholdings.com.sg/development","1","","Yes","NA","TM25MC0025F","NA","41 KIM CHUAN DRIVE 06-00 Lim Wen Heng Building 537091","NA","No usable phone or email found","Use Leads for all candidates. Published roles and connections do not confirm current on-site responsibility.","site:linkedin.com/in ""Baywind Residences"" Singapore (manager OR management OR facilities OR ""quantity surveyor"" OR director)","site:linkedin.com ""Baywind Residences"" Singapore","2026-10-03",""
"4958","GUOCO MIDTOWN/MIDTOWN BAY","Sonia Siow","Referral lead found","Assistant manager, facilities management (profile description)","GuocoLand Group","Property facilities-management lead","","","https://sg.linkedin.com/in/sonia-siow-18a31b104","LinkedIn profile only","Profile describes facilities-management responsibility at Guoco Midtown, including construction, TOP and tenant operations.","Not publicly dated","Current property assignment is unconfirmed. Confirm the responsible management team before relying on this referral.","https://sg.linkedin.com/in/sonia-siow-18a31b104","https://sg.linkedin.com/in/sonia-siow-18a31b104","","2","Wenshan Zhao","No published email found","NA","T25MC0038K","NA","128 BEACH ROAD 03-01 GUOCO MIDTOWN  189773","NA","No usable phone or email found","Use Leads for all candidates. Published roles and connections do not confirm current on-site responsibility.","site:linkedin.com/in ""GUOCO MIDTOWN/MIDTOWN BAY"" Singapore (manager OR management OR facilities OR ""quantity surveyor"" OR director)","site:linkedin.com ""GUOCO MIDTOWN/MIDTOWN BAY"" Singapore","2026-10-03",""
"4960","LHN FOOD CHAIN","","No suitable lead found","","","","","","","","","","","","","","0","","No published email found","NA","T25MC0018L","NA","75 BEACH ROAD 04-01 189689","NA","No usable phone or email found","LHN company profiles found, but no sufficiently supported individual development or facilities role tied to this property.","site:linkedin.com/in ""LHN FOOD CHAIN"" Singapore (manager OR management OR facilities OR ""quantity surveyor"" OR director)","site:linkedin.com ""LHN FOOD CHAIN"" Singapore","2026-10-03",""
"4962","ROYAL HALLMARK","","No suitable lead found","","","","","","","","","","","","","","0","","No published email found","NA","T25MC0039F","NA","130 JOO SENG ROAD 07-05 368357","NA","No usable phone or email found","Sales and social posts did not establish a suitable management or technical contact.","site:linkedin.com/in ""ROYAL HALLMARK"" Singapore (manager OR management OR facilities OR ""quantity surveyor"" OR director)","site:linkedin.com ""ROYAL HALLMARK"" Singapore","2026-10-03",""
"4964","IRWELL HILL RESIDENCES","Elvis Ang","Referral lead found","Developer project-team contributor; title not public","City Developments Limited","Historical developer-project referral","","","https://sg.linkedin.com/in/elvis-ang-17170489","LinkedIn profile only","Profile lists the 540-unit Irwell Hill Residences project and CDL experience.","May 2024 to July 2025","Profile shows a later project elsewhere. Treat as a historical project referral, not the present estate manager.","https://sg.linkedin.com/in/elvis-ang-17170489","https://sg.linkedin.com/in/elvis-ang-17170489","","1","","No published email found","NA","T25MC0024K","NA","4 IRWELL HILL 239589","NA","No usable phone or email found","Use Leads for all candidates. Published roles and connections do not confirm current on-site responsibility.","site:linkedin.com/in ""IRWELL HILL RESIDENCES"" Singapore (manager OR management OR facilities OR ""quantity surveyor"" OR director)","site:linkedin.com ""IRWELL HILL RESIDENCES"" Singapore","2026-10-03",""
"4965","LIV @ MB","","No suitable lead found","","","","","","","","","","","","","","0","","No published email found","NA","T26MC0006H","NA","2 BUKIT MERAH CENTRAL 13-01 159835","NA","No usable phone or email found","Several candidates merely liked or reshared LIV@MB posts. No supported management or technical assignment established.","site:linkedin.com/in ""LIV @ MB"" Singapore (manager OR management OR facilities OR ""quantity surveyor"" OR director)","site:linkedin.com ""LIV @ MB"" Singapore","2026-10-03",""
"4966","THE WATERGARDENS AT CANBERRA","Steven Chew","Referral lead found","Mechanical and electrical design specialist (profile description)","United Tec Construction Pte Ltd","Project / contractor referral","","","https://sg.linkedin.com/in/steven-chew-a90046218z","LinkedIn profile only","Profile lists both Kopar at Newton and The Watergardens at Canberra as construction projects.","Kopar: September 2019; Watergardens: August 2020","Historical construction-project connection. Exact current title and ongoing maintenance responsibility are unconfirmed.","https://sg.linkedin.com/in/steven-chew-a90046218z","https://sg.linkedin.com/in/steven-chew-a90046218z","","1","","No published email found","NA","T26MC0005A","NA","101 THOMSON ROAD 33-00 307591","NA","No usable phone or email found","Use Leads for all candidates. Published roles and connections do not confirm current on-site responsibility.","site:linkedin.com/in ""THE WATERGARDENS AT CANBERRA"" Singapore (manager OR management OR facilities OR ""quantity surveyor"" OR director)","site:linkedin.com ""THE WATERGARDENS AT CANBERRA"" Singapore","2026-10-03",""
"4970","ZYANYA","","No suitable lead found","","","","","","","","","","","","","","0","","No published email found","NA","T25MC0040C","NA","72 SENOKO DRIVE 758240","NA","No usable phone or email found","Sales references and overseas people named Zyanya did not establish a suitable management or project contact.","site:linkedin.com/in ""ZYANYA"" Singapore (manager OR management OR facilities OR ""quantity surveyor"" OR director)","site:linkedin.com ""ZYANYA"" Singapore","2026-10-03",""
"4975","MORI","Won Tai Piao (T. P. Won)","Referral lead found","Assistant Director, Developments; leads contract, project and property management","Roxy-Pacific Holdings","Developer management-team referral","","","https://sg.linkedin.com/in/t-p-won-0a904034","LinkedIn profile only","Official leadership page describes Won’s management remit. LinkedIn lists the same employer and a project-management background.","Not publicly dated","Developer-level referral. A current MCST appointment or individual assignment to this property is not established.","https://www.bca.gov.sg/quality-housing-portal/ProjectDetail.aspx?buildtype=Private+Housing&cat=Contractor&name=JH+Construction+Pte+Ltd","https://www.roxypacific.com.sg/about-us/meet-our-management/","","1","","No published email found","NA","T25MC0036G","NA","50 EAST COAST ROAD B1-18 428769","NA","No usable phone or email found","Use Leads for all candidates. Published roles and connections do not confirm current on-site responsibility.","site:linkedin.com/in ""MORI"" Singapore (manager OR management OR facilities OR ""quantity surveyor"" OR director)","site:linkedin.com ""MORI"" Singapore","2026-10-03",""
"4977","NORTH GAIA","Winnie Wong","Referral lead found","Senior Managing Director, Property Management","Savills Property Management","Appointed-agent leadership referral","","+65 6346 3238","https://sg.linkedin.com/in/winnie-wong-7b784a253","Shared Savills property-management office","Savills’ own LinkedIn announcement names this development as a managing-agent appointment and tags Winnie Wong.","Public appointment announcement; exact end date not shown","Company appointment is published. Wong is a company leader, not a confirmed on-site manager. Ask the office for the assigned estate team.","https://www.linkedin.com/posts/savills-singapore_savillssingapore-savillssg-savillspropertymanagement-activity-7379002830625550336-8ytU","https://www.savills.com.sg/services/property-management.aspx","https://www.savills.com.sg/services/property-management.aspx","2","Teck Hock Tee","No published email found","NA","T25MC0035L","NA","45 YISHUN CLOSE 01-42 769294","NA","No usable phone or email found","Use Leads for all candidates. Published roles and connections do not confirm current on-site responsibility.","site:linkedin.com/in ""NORTH GAIA"" Singapore (manager OR management OR facilities OR ""quantity surveyor"" OR director)","site:linkedin.com ""NORTH GAIA"" Singapore","2026-10-03",""
"4979","NEU AT NOVENA","Won Tai Piao (T. P. Won)","Referral lead found","Assistant Director, Developments; leads contract, project and property management","Roxy-Pacific Holdings","Developer management-team referral","","","https://sg.linkedin.com/in/t-p-won-0a904034","LinkedIn profile only","Official leadership page describes Won’s management remit. LinkedIn lists the same employer and a project-management background.","Not publicly dated","Developer-level referral. A current MCST appointment or individual assignment to this property is not established.","https://lwhholdings.com.sg/development/neu-at-novena","https://www.roxypacific.com.sg/about-us/meet-our-management/","","2","Su Cherry Yin","Yes","NA","T25MC0032A","NA","27 MOULMEIN RISE B2-01 Neu at Novena 308140","NA","No usable phone or email found","Use Leads for all candidates. Published roles and connections do not confirm current on-site responsibility.","site:linkedin.com/in ""NEU AT NOVENA"" Singapore (manager OR management OR facilities OR ""quantity surveyor"" OR director)","site:linkedin.com ""NEU AT NOVENA"" Singapore","2026-10-03",""
"4981","GUOCO MIDTOWN II/ MIDTOWN MODERN","Patricia Lim","Referral lead found","Title not publicly visible","Guocoland Midtown Modern (profile employer label)","Property-affiliated referral; role unknown","","","https://sg.linkedin.com/in/patricia-lim-b4975b55","LinkedIn profile only","Profile names Guocoland Midtown Modern in its experience section.","Not publicly dated","Employer/property affiliation is visible; job title, dates and management responsibility are not. Ask for the facilities or property manager.","https://sg.linkedin.com/in/patricia-lim-b4975b55","https://sg.linkedin.com/in/patricia-lim-b4975b55","","1","","No published email found","NA","T26MC0003J","NA","20 TAN QUEE LAN STREET 02-01 GUOCO MIDTOWN II/ MIDTOWN MODERN 188107","NA","No usable phone or email found","Use Leads for all candidates. Published roles and connections do not confirm current on-site responsibility.","site:linkedin.com/in ""GUOCO MIDTOWN II/ MIDTOWN MODERN"" Singapore (manager OR management OR facilities OR ""quantity surveyor"" OR director)","site:linkedin.com ""GUOCO MIDTOWN II/ MIDTOWN MODERN"" Singapore","2026-10-03",""
"4986","FOOD VISION @ MANDAI","","No suitable lead found","","","","","","","","","","","","","","0","","No published email found","NA","T25MC0042F","NA","205 UPPER BUKIT TIMAH ROAD 04-01 588181","NA","No usable phone or email found","Sales and project-marketing references found; no suitable manager, QS or technical professional established.","site:linkedin.com/in ""FOOD VISION @ MANDAI"" Singapore (manager OR management OR facilities OR ""quantity surveyor"" OR director)","site:linkedin.com ""FOOD VISION @ MANDAI"" Singapore","2026-10-03",""
"4987","TENET","Zhengjia Michael Lim","Referral lead found","Formwork design / supply project contact; exact title not public","Tremco Construction Products Group, Asia Pacific (profile employer)","Historical project referral","","","https://sg.linkedin.com/in/zhengjia-michael-lim-5b0415b8","LinkedIn profile only","Profile lists Tenet formwork supply, design and shoring calculations.","January 2023","Historical construction-package referral. Current employer need not be the employer for the Tenet project. No MCST role established.","https://sg.linkedin.com/in/zhengjia-michael-lim-5b0415b8","https://sg.linkedin.com/in/zhengjia-michael-lim-5b0415b8","","1","","No published email found","NA","T25MC0041K","NA","60 PAYA LEBAR ROAD 09-13 PAYA LEBAR SQUARE 409051","NA","No usable phone or email found","Use Leads for all candidates. Published roles and connections do not confirm current on-site responsibility.","site:linkedin.com/in ""TENET"" Singapore (manager OR management OR facilities OR ""quantity surveyor"" OR director)","site:linkedin.com ""TENET"" Singapore","2026-10-03",""
"4989","35 GILSTEAD","Jackie Foo","Referral lead found","Landscape design and project-delivery professional","Tinderbox Landscape Studio Pte Ltd","Project / consultant referral","","","https://sg.linkedin.com/in/jackie-foo90","LinkedIn profile only","The 35 Gilstead project entry describes landscape delivery, tender and procurement work.","October 2018 to Present (profile wording)","Landscape-package referral. The profile’s Present label does not independently confirm a current assignment.","https://sg.linkedin.com/in/jackie-foo90","https://sg.linkedin.com/in/jackie-foo90","","1","","No published email found","NA","T26MC0004E","NA","11 SAM LEONG ROAD 03-06 TRIO 207903","NA","No usable phone or email found","Use Leads for all candidates. Published roles and connections do not confirm current on-site responsibility.","site:linkedin.com/in ""35 GILSTEAD"" Singapore (manager OR management OR facilities OR ""quantity surveyor"" OR director)","site:linkedin.com ""35 GILSTEAD"" Singapore","2026-10-03",""
"4997","CT FOODNEX","Nicholas Tan","Referral lead found","Sales and leasing / development marketing; exact current title unconfirmed","Chiu Teng Enterprises Pte Ltd","Developer commercial-team referral","","","https://sg.linkedin.com/in/nic-bigday","LinkedIn profile only","Profile lists CT FoodNEX and describes commercial development marketing and launch work.","Not publicly dated","Developer commercial-team connection. No facilities, QS or MCST management role is established.","https://sg.linkedin.com/in/nic-bigday","https://sg.linkedin.com/in/nic-bigday","","1","","No published email found","NA","T26MC0001F","NA","114 LAVENDER STREET 18-01 CT @ Mandai Pte Ltd 338729","NA","No usable phone or email found","Use Leads for all candidates. Published roles and connections do not confirm current on-site responsibility.","site:linkedin.com/in ""CT FOODNEX"" Singapore (manager OR management OR facilities OR ""quantity surveyor"" OR director)","site:linkedin.com ""CT FOODNEX"" Singapore","2026-10-03",""
