"Lead ID","MCST No","Development Name","Lead name","Role","Organisation","Relationship","LinkedIn URL","Published business email","Published business phone","Contact scope","Evidence summary","Evidence period","Limitations","Connection source","Role source","Contact source","Checked on","Sub MCST No"
"L001","02-4958","GUOCO MIDTOWN","Sonia Siow","Assistant manager, facilities management (profile description)","GuocoLand Group","Property facilities-management lead","https://sg.linkedin.com/in/sonia-siow-18a31b104","","","LinkedIn profile only","Profile describes facilities-management responsibility at Guoco Midtown, including construction, TOP and tenant operations.","Not publicly dated","Current property assignment is unconfirmed. Confirm the responsible management team before relying on this referral.","https://sg.linkedin.com/in/sonia-siow-18a31b104","https://sg.linkedin.com/in/sonia-siow-18a31b104","","2026-10-03","02-4958"
"L002","4958","GUOCO MIDTOWN/MIDTOWN BAY","Sonia Siow","Assistant manager, facilities management (profile description)","GuocoLand Group","Property facilities-management lead","https://sg.linkedin.com/in/sonia-siow-18a31b104","","","LinkedIn profile only","Profile describes facilities-management responsibility at Guoco Midtown, including construction, TOP and tenant operations.","Not publicly dated","Current property assignment is unconfirmed. Confirm the responsible management team before relying on this referral.","https://sg.linkedin.com/in/sonia-siow-18a31b104","https://sg.linkedin.com/in/sonia-siow-18a31b104","","2026-10-03","NA"
"L003","01-4958","MIDTOWN BAY","Sonia Siow","Assistant manager, facilities management (profile description)","GuocoLand Group","Related integrated-development referral","https://sg.linkedin.com/in/sonia-siow-18a31b104","","","LinkedIn profile only","Profile concerns Guoco Midtown. Midtown Bay is its residential component. Residential MCST responsibility is unconfirmed.","Not publicly dated","Related integrated-development referral. The profile does not establish responsibility for the Midtown Bay subsidiary MCST.","https://www.linkedin.com/posts/cscec-singapore-926189194_guocomidtown-projectupdate-construction-activity-7057420018493374464-qQB2","https://sg.linkedin.com/in/sonia-siow-18a31b104","","2026-10-03","01-4958"
"L004","01-4958","MIDTOWN BAY","Wenshan Zhao","Quantity surveyor; contract management","China State Construction (CSCEC)","Project / contractor referral","https://sg.linkedin.com/in/wenshan-zhao-542b43310","","","LinkedIn profile only","Profile lists quantity surveying and contract-management work for Guoco Midtown Integrated Development.","Not publicly dated","Construction-stage referral. No current MCST management or residential-component assignment established.","https://sg.linkedin.com/in/wenshan-zhao-542b43310","https://sg.linkedin.com/in/wenshan-zhao-542b43310","","2026-10-03","01-4958"
"L005","02-4958","GUOCO MIDTOWN","Wenshan Zhao","Quantity surveyor; contract management","China State Construction (CSCEC)","Project / contractor referral","https://sg.linkedin.com/in/wenshan-zhao-542b43310","","","LinkedIn profile only","Profile lists quantity surveying and contract-management work for Guoco Midtown Integrated Development.","Not publicly dated","Construction-stage referral. No current MCST management or residential-component assignment established.","https://sg.linkedin.com/in/wenshan-zhao-542b43310","https://sg.linkedin.com/in/wenshan-zhao-542b43310","","2026-10-03","02-4958"
"L006","4958","GUOCO MIDTOWN/MIDTOWN BAY","Wenshan Zhao","Quantity surveyor; contract management","China State Construction (CSCEC)","Project / contractor referral","https://sg.linkedin.com/in/wenshan-zhao-542b43310","","","LinkedIn profile only","Profile lists quantity surveying and contract-management work for Guoco Midtown Integrated Development.","Not publicly dated","Construction-stage referral. No current MCST management or residential-component assignment established.","https://sg.linkedin.com/in/wenshan-zhao-542b43310","https://sg.linkedin.com/in/wenshan-zhao-542b43310","","2026-10-03","NA"
"L007","01-4981","MIDTOWN MODERN","Patricia Lim","Title not publicly visible","Guocoland Midtown Modern (profile employer label)","Property-affiliated referral; role unknown","https://sg.linkedin.com/in/patricia-lim-b4975b55","","","LinkedIn profile only","Profile names Guocoland Midtown Modern in its experience section.","Not publicly dated","Employer/property affiliation is visible; job title, dates and management responsibility are not. Ask for the facilities or property manager.","https://sg.linkedin.com/in/patricia-lim-b4975b55","https://sg.linkedin.com/in/patricia-lim-b4975b55","","2026-10-03","01-4981"
"L008","4981","GUOCO MIDTOWN II/ MIDTOWN MODERN","Patricia Lim","Title not publicly visible","Guocoland Midtown Modern (profile employer label)","Property-affiliated referral; role unknown","https://sg.linkedin.com/in/patricia-lim-b4975b55","","","LinkedIn profile only","Profile names Guocoland Midtown Modern in its experience section.","Not publicly dated","Employer/property affiliation is visible; job title, dates and management responsibility are not. Ask for the facilities or property manager.","https://sg.linkedin.com/in/patricia-lim-b4975b55","https://sg.linkedin.com/in/patricia-lim-b4975b55","","2026-10-03","NA"
"L009","0310","THONG TECK BUILDING","Wing Yan Chang","Director & Head of Project Management","Colliers Singapore","Managing-agent brand referral","https://sg.linkedin.com/in/wing-yan-chang-%E9%84%AD%E8%A9%A0%E6%81%A9-8bb69113a","","+65 6531 8504","Published Colliers business line","BCA lists Colliers International Asset Management. Colliers publishes Chang as its Singapore project-management head.","Not publicly dated","Corporate brand referral. Her project-management division is not confirmed as the building’s asset-management team or on-site manager.","https://data.gov.sg/datasets/d_f988c57e16e99ad3a649aa04572efd1c/view","https://www.colliers.com/en-sg/countries/singapore/leadership","https://www.colliers.com/en-sg/countries/singapore/leadership","2026-10-03","NA"
"L010","0411","THONG TECK BUILDING","Wing Yan Chang","Director & Head of Project Management","Colliers Singapore","Managing-agent brand referral","https://sg.linkedin.com/in/wing-yan-chang-%E9%84%AD%E8%A9%A0%E6%81%A9-8bb69113a","","+65 6531 8504","Published Colliers business line","BCA lists Colliers International Asset Management. Colliers publishes Chang as its Singapore project-management head.","Not publicly dated","Corporate brand referral. Her project-management division is not confirmed as the building’s asset-management team or on-site manager.","https://data.gov.sg/datasets/d_f988c57e16e99ad3a649aa04572efd1c/view","https://www.colliers.com/en-sg/countries/singapore/leadership","https://www.colliers.com/en-sg/countries/singapore/leadership","2026-10-03","NA"
"L011","0439","THONG TECK BUILDING","Wing Yan Chang","Director & Head of Project Management","Colliers Singapore","Managing-agent brand referral","https://sg.linkedin.com/in/wing-yan-chang-%E9%84%AD%E8%A9%A0%E6%81%A9-8bb69113a","","+65 6531 8504","Published Colliers business line","BCA lists Colliers International Asset Management. Colliers publishes Chang as its Singapore project-management head.","Not publicly dated","Corporate brand referral. Her project-management division is not confirmed as the building’s asset-management team or on-site manager.","https://data.gov.sg/datasets/d_f988c57e16e99ad3a649aa04572efd1c/view","https://www.colliers.com/en-sg/countries/singapore/leadership","https://www.colliers.com/en-sg/countries/singapore/leadership","2026-10-03","NA"
"L012","1115","MANAGEMENT CORPORATION STRATA TITLE PLAN NO. 1115","Silviana Oei","Title not publicly visible","Santat Pte Ltd","Managing-agent company referral","https://sg.linkedin.com/in/silviana-oei-5b755227","","","LinkedIn profile only","BCA names Santat as managing agent. The profile lists Santat experience.","Not publicly dated","Company affiliation only. Title, current employment dates and assignment to this MCST are not publicly established.","https://data.gov.sg/datasets/d_f988c57e16e99ad3a649aa04572efd1c/view","https://sg.linkedin.com/in/silviana-oei-5b755227","","2026-10-03","NA"
"L013","4890","KOPAR AT NEWTON","Winnie Wong","Senior Managing Director, Property Management","Savills Property Management","Appointed-agent leadership referral","https://sg.linkedin.com/in/winnie-wong-7b784a253","","+65 6346 3238","Shared Savills property-management office","Savills’ own LinkedIn announcement names this development as a managing-agent appointment and tags Winnie Wong.","Public appointment announcement; exact end date not shown","Company appointment is published. Wong is a company leader, not a confirmed on-site manager. Ask the office for the assigned estate team.","https://www.linkedin.com/posts/savills-singapore_savillssg-savillspropertymanagement-koparatnewton-activity-7368447477047312385-GxsE","https://www.savills.com.sg/services/property-management.aspx","https://www.savills.com.sg/services/property-management.aspx","2026-10-03","NA"
"L014","4977","NORTH GAIA","Winnie Wong","Senior Managing Director, Property Management","Savills Property Management","Appointed-agent leadership referral","https://sg.linkedin.com/in/winnie-wong-7b784a253","","+65 6346 3238","Shared Savills property-management office","Savills’ own LinkedIn announcement names this development as a managing-agent appointment and tags Winnie Wong.","Public appointment announcement; exact end date not shown","Company appointment is published. Wong is a company leader, not a confirmed on-site manager. Ask the office for the assigned estate team.","https://www.linkedin.com/posts/savills-singapore_savillssingapore-savillssg-savillspropertymanagement-activity-7379002830625550336-8ytU","https://www.savills.com.sg/services/property-management.aspx","https://www.savills.com.sg/services/property-management.aspx","2026-10-03","NA"
"L015","4890","KOPAR AT NEWTON","Steven Chew","Mechanical and electrical design specialist (profile description)","United Tec Construction Pte Ltd","Project / contractor referral","https://sg.linkedin.com/in/steven-chew-a90046218z","","","LinkedIn profile only","Profile lists both Kopar at Newton and The Watergardens at Canberra as construction projects.","Kopar: September 2019; Watergardens: August 2020","Historical construction-project connection. Exact current title and ongoing maintenance responsibility are unconfirmed.","https://sg.linkedin.com/in/steven-chew-a90046218z","https://sg.linkedin.com/in/steven-chew-a90046218z","","2026-10-03","NA"
"L016","4966","THE WATERGARDENS AT CANBERRA","Steven Chew","Mechanical and electrical design specialist (profile description)","United Tec Construction Pte Ltd","Project / contractor referral","https://sg.linkedin.com/in/steven-chew-a90046218z","","","LinkedIn profile only","Profile lists both Kopar at Newton and The Watergardens at Canberra as construction projects.","Kopar: September 2019; Watergardens: August 2020","Historical construction-project connection. Exact current title and ongoing maintenance responsibility are unconfirmed.","https://sg.linkedin.com/in/steven-chew-a90046218z","https://sg.linkedin.com/in/steven-chew-a90046218z","","2026-10-03","NA"
"L017","4977","NORTH GAIA","Teck Hock Tee","Project technical team head; architect","MCC Singapore","Project / contractor referral","https://sg.linkedin.com/in/teck-hock-tee-2b581629","","","LinkedIn profile only","North Gaia project entry describes leading design coordination, technical teams, consultants and subcontractors.","December 2021 to August 2024","Historical project-team role. No current MCST or estate-management appointment established.","https://sg.linkedin.com/in/teck-hock-tee-2b581629","https://sg.linkedin.com/in/teck-hock-tee-2b581629","","2026-10-03","NA"
"L018","4047","CENTRA LOFT","Abdul Razak Jaffar","PMP-certified project professional; current job title not visible","Borneo Properties Sdn Bhd (profile employer)","Historical project referral","https://sg.linkedin.com/in/abdulrazakjaffar","","","LinkedIn profile only","Profile lists the 47-unit Centra Loft condominium development among its projects.","2013","Historical construction-project connection. The listed employer is not confirmed as the Centra Loft managing agent.","https://sg.linkedin.com/in/abdulrazakjaffar","https://sg.linkedin.com/in/abdulrazakjaffar","","2026-10-03","NA"
"L019","4465","NA","Julie Anne Rojas","Construction-project contributor; title not public","DesignBuild Construction Pte Ltd","Historical project referral","https://sg.linkedin.com/in/julie-anne-rojas-0036b672","","","LinkedIn profile only","Profile lists basement fit-out works at Nassim Quattro, 49 Nassim Road. This matches the MCST’s recorded development location.","August to September 2021","Historical basement fit-out connection at the matching address. The original development name is missing, and no current MCST management appointment is established.","https://sg.linkedin.com/in/julie-anne-rojas-0036b672","https://sg.linkedin.com/in/julie-anne-rojas-0036b672","","2026-10-03","NA"
"L020","4940","THE ATELIER","Julie Anne Rojas","Construction-project contributor; title not public","DesignBuild Construction Pte Ltd","Project / contractor referral","https://sg.linkedin.com/in/julie-anne-rojas-0036b672","","","LinkedIn profile only","Profile lists a 120-unit residential project at 2 Makeway Avenue, matching The Atelier’s recorded address.","May 2022","Historical construction-project lead. No current MCST management appointment established.","https://sg.linkedin.com/in/julie-anne-rojas-0036b672","https://sg.linkedin.com/in/julie-anne-rojas-0036b672","","2026-10-03","NA"
"L021","4964","IRWELL HILL RESIDENCES","Elvis Ang","Developer project-team contributor; title not public","City Developments Limited","Historical developer-project referral","https://sg.linkedin.com/in/elvis-ang-17170489","","","LinkedIn profile only","Profile lists the 540-unit Irwell Hill Residences project and CDL experience.","May 2024 to July 2025","Profile shows a later project elsewhere. Treat as a historical project referral, not the present estate manager.","https://sg.linkedin.com/in/elvis-ang-17170489","https://sg.linkedin.com/in/elvis-ang-17170489","","2026-10-03","NA"
"L022","4989","35 GILSTEAD","Jackie Foo","Landscape design and project-delivery professional","Tinderbox Landscape Studio Pte Ltd","Project / consultant referral","https://sg.linkedin.com/in/jackie-foo90","","","LinkedIn profile only","The 35 Gilstead project entry describes landscape delivery, tender and procurement work.","October 2018 to Present (profile wording)","Landscape-package referral. The profile’s Present label does not independently confirm a current assignment.","https://sg.linkedin.com/in/jackie-foo90","https://sg.linkedin.com/in/jackie-foo90","","2026-10-03","NA"
"L023","4997","CT FOODNEX","Nicholas Tan","Sales and leasing / development marketing; exact current title unconfirmed","Chiu Teng Enterprises Pte Ltd","Developer commercial-team referral","https://sg.linkedin.com/in/nic-bigday","","","LinkedIn profile only","Profile lists CT FoodNEX and describes commercial development marketing and launch work.","Not publicly dated","Developer commercial-team connection. No facilities, QS or MCST management role is established.","https://sg.linkedin.com/in/nic-bigday","https://sg.linkedin.com/in/nic-bigday","","2026-10-03","NA"
"L024","4952","KI RESIDENCES AT BROOKVALE","Johideen Mohamed Hamanullah","Construction and workplace-safety project contact; exact title not public","Straits Construction Singapore Pte Ltd","Historical project referral","https://sg.linkedin.com/in/johideen-mohamed","","","LinkedIn profile only","Profile associates its 2021, 2022 and 2023 workplace-safety awards with Ki Residences.","2021 to 2023 awards","Historical project affiliation through safety awards. Current estate responsibility and exact job title are unconfirmed.","https://sg.linkedin.com/in/johideen-mohamed","https://sg.linkedin.com/in/johideen-mohamed","","2026-10-03","NA"
"L025","4951","PENROSE","Cheah Ding Ding","Architect","ADDP Architects LLP","Project / consultant referral","https://sg.linkedin.com/in/ar-cheah-ding-ding-69067a183","","","LinkedIn profile only","Profile lists a 2020 Penrose Green Mark award among project achievements.","2020 award","Design-project referral based on a profile achievement. Does not establish current building-management responsibility.","https://sg.linkedin.com/in/ar-cheah-ding-ding-69067a183","https://sg.linkedin.com/in/ar-cheah-ding-ding-69067a183","","2026-10-03","NA"
"L026","4928","GEMS VILLE","Gabriel Sua","Security and smart-home systems project contributor","PSA Singapore (current profile employer; project employer not shown)","Historical project referral","https://sg.linkedin.com/in/gabriel-sua","","","LinkedIn profile only","Gems Ville project entry describes CCTV, access-control and smart-home installation.","2024","Historical technical referral. PSA is the profile employer, not a claimed developer or managing agent of Gems Ville.","https://sg.linkedin.com/in/gabriel-sua","https://sg.linkedin.com/in/gabriel-sua","","2026-10-03","NA"
"L027","4987","TENET","Zhengjia Michael Lim","Formwork design / supply project contact; exact title not public","Tremco Construction Products Group, Asia Pacific (profile employer)","Historical project referral","https://sg.linkedin.com/in/zhengjia-michael-lim-5b0415b8","","","LinkedIn profile only","Profile lists Tenet formwork supply, design and shoring calculations.","January 2023","Historical construction-package referral. Current employer need not be the employer for the Tenet project. No MCST role established.","https://sg.linkedin.com/in/zhengjia-michael-lim-5b0415b8","https://sg.linkedin.com/in/zhengjia-michael-lim-5b0415b8","","2026-10-03","NA"
"L028","2173","MANAGEMENT CORPORATION STRATA TITLE PLAN NO.2173","Sammi Lim","Founder and Executive Director","Brilliance Capital","Sales-agent referral","https://sg.linkedin.com/in/bc-sammi-lim","sammi@brilliancecapital.sg","","Published business email of selling-agent contact","Her LinkedIn post and Brilliance’s announcement identify a whole-building sale at 17 Hongkong Street.","2024 sale announcement","Historical whole-building selling-agent referral. No current property-management mandate is established.","https://www.linkedin.com/posts/bc-sammi-lim_for-sale-by-expression-of-interest-17-hongkong-activity-7230001763683024898-RZwu","https://brilliancecapital.sg/about-us/","https://brilliancecapital.sg/property/6930/","2026-10-03","NA"
"L029","4956","Baywind Residences","Su Cherry Yin","Title not publicly visible","LWH Holdings Pte Ltd","Developer company referral","https://sg.linkedin.com/in/scyin","lwh@lwhholdings.com.sg","+65 6742 9133","Shared developer enquiries, not the person’s direct contact","Profile lists LWH Holdings. BCA’s quality-housing listing identifies LWH and ABR as Baywind developers.","Not publicly dated","Developer-company affiliation only. The person’s role and Baywind assignment are not established; request the project or property-management team.","https://www.bca.gov.sg/quality-housing-portal/ProjectDetail.aspx?buildtype=Private+Housing&cat=Contractor&name=JH+Construction+Pte+Ltd","https://sg.linkedin.com/in/scyin","https://lwhholdings.com.sg/development","2026-10-03","NA"
"L030","4975","MORI","Won Tai Piao (T. P. Won)","Assistant Director, Developments; leads contract, project and property management","Roxy-Pacific Holdings","Developer management-team referral","https://sg.linkedin.com/in/t-p-won-0a904034","","","LinkedIn profile only","Official leadership page describes Won’s management remit. LinkedIn lists the same employer and a project-management background.","Not publicly dated","Developer-level referral. A current MCST appointment or individual assignment to this property is not established.","https://www.bca.gov.sg/quality-housing-portal/ProjectDetail.aspx?buildtype=Private+Housing&cat=Contractor&name=JH+Construction+Pte+Ltd","https://www.roxypacific.com.sg/about-us/meet-our-management/","","2026-10-03","NA"
"L031","4979","NEU AT NOVENA","Won Tai Piao (T. P. Won)","Assistant Director, Developments; leads contract, project and property management","Roxy-Pacific Holdings","Developer management-team referral","https://sg.linkedin.com/in/t-p-won-0a904034","","","LinkedIn profile only","Official leadership page describes Won’s management remit. LinkedIn lists the same employer and a project-management background.","Not publicly dated","Developer-level referral. A current MCST appointment or individual assignment to this property is not established.","https://lwhholdings.com.sg/development/neu-at-novena","https://www.roxypacific.com.sg/about-us/meet-our-management/","","2026-10-03","NA"
"L032","4979","NEU AT NOVENA","Su Cherry Yin","Title not publicly visible","LWH Holdings Pte Ltd","Developer company referral","https://sg.linkedin.com/in/scyin","lwh@lwhholdings.com.sg","+65 6742 9133","Shared developer enquiries, not the person’s direct contact","Profile lists LWH Holdings. LWH’s Neu at Novena page names it as a joint developer.","Not publicly dated","Developer-company affiliation only. The person’s role and development assignment are not established.","https://lwhholdings.com.sg/development/neu-at-novena","https://sg.linkedin.com/in/scyin","https://lwhholdings.com.sg/development","2026-10-03","NA"
"L033","4943","MOOI RESIDENCES","Wayne Liow","Property-management professional; exact title not public","Tri Property Asset Management Pte Ltd","Directory-suggested agent referral","https://sg.linkedin.com/in/wayne-liow-5672a8b4","","+65 6937 9060","Shared company number from industry association","A third-party managing-agent directory links Tri to Mooi Residences. LinkedIn lists Liow at Tri and offers property-management services.","Not publicly dated","Property-to-agent link is third-party only and differs from the blank July BCA agent field. Confirm Tri’s appointment and Liow’s role before use.","https://comparemanagingagents.com/singapore/managing-agents/tri-property-asset-management/","https://sg.linkedin.com/in/wayne-liow-5672a8b4","https://www.asm.org.sg/accredited-strata-firms","2026-10-03","NA"
